date,ts_ms,coin,ret12,ret24,ret7d,day2_ret24,pump_max5m,mins_since_high12,retrace_from_high,vwap_dist,volr_15m,volr_1h,volr_2h,vol24_usd,oi_usd,funding_1h,funding_8h_sum,premium,spread_bps,depth_bid_05,depth_ask_05,btc_ret24,eth_ret24,breadth_up5,rank24,r30m,r1h,r2h,r3h,r6h,r24h,mae3h,fund_paid_3h,e18_r1h,e18_r2h,e18_r3h,e18_mae3h
2026-07-04,1783204474243,BTC,0.011957,0.010291,0.053737,0.016059,0.002636,180,0.003782,0.001448,0.474238,1.192911,1.518985,1412766892,2193461239,0.000013,,-0.000190,,,,0.010291,0.015176,9,50,-0.000111,-0.000696,-0.003101,-0.006170,-0.004620,0.006898,0.000585,0.000038,-0.001975,-0.002812,-0.005039,0.000095
2026-07-04,1783204474243,ETH,0.015696,0.015176,0.135482,0.034092,0.008054,280,0.011840,0.000913,0.307813,0.175130,0.216660,470525389,1367252750,0.000013,,0.000112,,,,0.010291,0.015176,9,35,-0.000672,-0.002520,-0.006720,-0.012544,-0.008232,0.006888,0.000448,0.000038,-0.002849,-0.004916,-0.009330,-0.000056
2026-07-04,1783204474243,ATOM,0.000188,0.000879,0.010780,0.023522,0.003766,165,0.008891,-0.000369,0.244111,0.395241,0.964453,271994,2177665,-0.000042,,-0.001002,,,,0.010291,0.015176,9,80,-0.000565,-0.001694,-0.008093,-0.014366,-0.022020,-0.001317,0.001568,-0.000154,0.000627,-0.002758,-0.009967,0.000815
2026-07-04,1783204474243,DYDX,0.023061,-0.012525,-0.130316,0.029119,0.007076,275,0.020874,0.012924,1.283833,0.418403,0.626207,1392569,4229486,0.000006,,-0.000687,,,,0.010291,0.015176,9,131,-0.006724,-0.012149,-0.017880,-0.023917,-0.000688,0.009246,0.000688,-0.000095,-0.008667,-0.012088,-0.019919,0.002661
2026-07-04,1783204474243,SOL,0.000147,-0.006507,0.161514,0.020000,0.003029,280,0.012395,-0.002178,0.519454,0.593466,0.474529,191329419,486478394,0.000013,,-0.000049,,,,0.010291,0.015176,9,109,-0.000122,-0.000513,-0.007909,-0.013446,-0.013153,0.000208,0.001601,0.000038,-0.000744,-0.002695,-0.008597,0.000634
2026-07-04,1783204474243,AVAX,0.020268,0.006231,0.087841,0.022093,0.006575,280,0.016997,-0.000704,0.172530,0.274929,0.459433,3293979,16869828,0.000013,,-0.000029,,,,0.010291,0.015176,9,62,-0.001101,-0.003018,-0.012214,-0.015746,-0.027031,-0.002918,0.001101,0.000038,-0.003675,-0.007991,-0.014758,0.000897
2026-07-04,1783204474243,BNB,0.009281,0.006782,0.036862,0.027387,0.002325,275,0.001798,0.004238,6.024092,3.217293,2.027259,3586975,23762151,0.000013,,-0.000135,,,,0.010291,0.015176,9,58,-0.001819,-0.003465,-0.007293,-0.012143,-0.009978,0.023368,0.000554,0.000038,0.003464,0.001184,-0.003116,0.006249
2026-07-04,1783204474243,APE,0.007354,0.006939,0.066895,0.035204,0.011276,135,0.017825,0.000169,2.424453,2.235027,1.475300,272476,776644,0.000013,,0.000000,,,,0.010291,0.015176,9,55,-0.002320,-0.005458,-0.000750,-0.001092,-0.011871,-0.018148,0.015897,0.000038,-0.003737,-0.006999,0.007611,0.007611
2026-07-04,1783204474243,OP,-0.002131,0.006355,0.069315,0.085413,0.015783,165,0.032351,-0.006192,0.594028,1.559410,0.988893,518766,3161646,0.000013,,0.000000,,,,0.010291,0.015176,9,60,-0.000186,0.000000,-0.007522,-0.008265,-0.000279,0.007894,0.003158,0.000038,-0.006910,-0.008384,-0.012346,0.002027
2026-07-04,1783204474243,LTC,0.014400,0.004149,0.067568,0.030008,0.003628,295,0.014537,-0.000160,0.021446,0.173431,0.316221,2039634,11317273,0.000013,,-0.000311,,,,0.010291,0.015176,9,67,-0.001000,-0.003732,-0.012285,-0.016661,-0.014129,0.019216,0.000977,0.000038,-0.001750,-0.006137,-0.016506,-0.000244
2026-07-04,1783204474243,ARB,0.013456,-0.005185,0.097956,0.049216,0.005825,275,0.018512,-0.000875,0.105125,0.436510,0.554543,1346611,4254481,0.000013,,-0.000248,,,,0.010291,0.015176,9,103,0.000745,-0.002482,-0.011292,-0.015759,-0.024569,0.002606,0.002730,0.000038,-0.001483,-0.007909,-0.013347,0.000741
2026-07-04,1783204474243,DOGE,0.013771,0.005352,0.046765,0.046011,0.004484,210,0.017715,-0.002573,0.151287,0.471409,0.786816,7937205,25990174,0.000013,,-0.000128,,,,0.010291,0.015176,9,66,-0.001629,-0.003373,-0.011557,-0.014789,-0.022126,0.004836,0.000205,0.000038,-0.003644,-0.007429,-0.013553,0.000537
2026-07-04,1783204474243,INJ,0.009082,-0.006128,0.042921,0.052645,0.008615,390,0.009286,0.002837,0.327114,0.353964,0.284741,866133,3619178,0.000013,,0.000000,,,,0.010291,0.015176,9,107,-0.000435,-0.002566,-0.011711,-0.013739,-0.019905,-0.012891,0.002297,0.000038,0.002234,-0.005214,-0.010593,0.002607
2026-07-04,1783204474243,SUI,0.013299,-0.002520,0.122388,0.047164,0.006943,275,0.019757,-0.005108,0.541389,0.304186,0.444327,8352252,42344435,0.000013,,0.000703,,,,0.010291,0.015176,9,91,-0.000872,-0.004153,-0.017408,-0.032654,-0.030949,-0.008255,0.002044,0.000038,-0.004502,-0.014709,-0.026597,0.000440
2026-07-04,1783204474243,kPEPE,0.008490,-0.016205,0.151771,0.136252,0.009545,365,0.023937,-0.005523,0.104234,0.374291,0.235500,8967379,16942648,0.000013,,0.000366,,,,0.010291,0.015176,9,134,-0.000366,0.006223,-0.005124,-0.002196,-0.005857,0.006589,0.007321,0.000038,-0.002551,-0.002915,-0.006195,0.002915
2026-07-04,1783204474243,CRV,0.027262,0.015676,0.110345,0.018794,0.014195,355,0.028968,-0.000719,0.474417,0.518227,0.378530,1954039,5809038,0.000013,,0.000000,,,,0.010291,0.015176,9,32,0.002259,-0.002776,-0.001976,-0.004941,-0.007858,0.007388,0.005458,0.000038,-0.003277,-0.007210,-0.004495,0.000843
2026-07-04,1783204474243,LDO,0.029722,0.012811,0.107284,0.038441,0.006388,275,0.016988,0.007711,0.950645,1.078456,1.044680,520036,4745309,0.000013,,0.000000,,,,0.010291,0.015176,9,42,0.000882,-0.000919,0.001287,-0.002867,0.001985,0.014593,0.011138,0.000038,0.004937,0.004310,0.006889,0.010205
2026-07-04,1783204474243,LINK,0.014553,0.006328,0.101058,0.029663,0.004945,265,0.018227,0.000335,0.531309,0.989098,0.725307,2868479,37068599,0.000013,,0.000151,,,,0.010291,0.015176,9,61,-0.001693,-0.002428,-0.009288,-0.013583,-0.013894,0.009723,0.000299,0.000038,-0.003168,-0.005193,-0.010373,0.000981
2026-07-04,1783204474243,STX,0.013757,-0.001844,0.032803,0.043298,0.006082,355,0.019644,-0.003985,0.267919,0.565406,0.736585,160438,355750,-0.000011,,-0.000231,,,,0.010291,0.015176,9,87,0.000462,-0.000173,-0.006468,-0.011261,-0.013282,0.002252,0.003292,-0.000000,-0.001783,-0.004429,-0.009088,0.001898
2026-07-04,1783204474243,CFX,0.007385,-0.006484,0.091101,0.047428,0.004522,280,0.014747,0.003643,0.238344,0.461896,0.534738,66674,3007377,0.000027,,0.001068,,,,0.010291,0.015176,9,108,0.001109,-0.002611,-0.007701,-0.014597,-0.022712,-0.010986,0.001131,0.000117,-0.002993,-0.006441,-0.010866,-0.001171
2026-07-04,1783204474243,GMX,0.007368,-0.012049,0.102562,0.019241,0.005178,280,0.013471,-0.000524,0.872872,0.778166,0.832659,91320,505214,0.000013,,0.000000,,,,0.010291,0.015176,9,130,-0.003322,-0.005553,-0.002802,-0.011810,-0.006861,0.006677,0.000017,0.000038,-0.003600,-0.003852,-0.003600,0.000435
2026-07-04,1783204474243,SNX,-0.000474,-0.075029,-0.039394,0.093694,0.010651,420,0.021167,-0.004064,0.215191,0.381112,0.451066,233957,640507,0.000008,,-0.001031,,,,0.010291,0.015176,9,175,-0.003532,-0.004997,-0.002671,-0.016111,-0.017920,-0.006548,0.004739,0.000030,-0.006529,-0.007903,-0.006873,0.001847
2026-07-04,1783204474243,XRP,0.019828,0.024412,0.110538,0.043594,0.007346,275,0.018243,-0.003559,0.170739,0.170439,0.291111,48724810,93123030,0.000013,,0.000086,,,,0.010291,0.015176,9,23,-0.001548,-0.002924,-0.012558,-0.016859,-0.018235,-0.004215,0.000602,0.000038,-0.004198,-0.008483,-0.015337,-0.000428
2026-07-04,1783204474243,BCH,0.042471,0.026425,0.204965,0.041415,0.008683,20,0.008968,0.016626,0.168354,1.296341,0.887283,2618775,6630904,-0.000001,,-0.000425,,,,0.010291,0.015176,9,21,-0.004886,-0.006202,-0.003059,0.008199,0.015294,0.033901,0.023068,-0.000005,0.001708,0.009608,0.011187,0.014390
2026-07-04,1783204474243,APT,0.012334,-0.008005,0.089092,0.046829,0.006307,280,0.018634,-0.001425,0.199223,0.383074,0.546706,862500,3677972,0.000013,,-0.000475,,,,0.010291,0.015176,9,116,-0.002690,-0.005222,-0.014241,-0.017563,-0.022627,0.008386,0.000791,0.000038,-0.003312,-0.010252,-0.015615,0.000946
2026-07-04,1783204474243,AAVE,0.010419,0.014002,-0.053535,0.017095,0.006133,270,0.015859,-0.003734,0.212177,0.317394,0.277307,10333148,82228002,0.000013,,0.000124,,,,0.010291,0.015176,9,38,-0.002744,-0.002777,-0.008872,-0.010716,-0.012526,0.003980,0.000371,0.000038,-0.005714,-0.008331,-0.009471,-0.000268
2026-07-04,1783204474243,COMP,0.014887,0.023716,0.092806,0.043981,0.006495,210,0.017500,-0.003220,0.304617,0.450608,0.468202,135151,832905,0.000013,,0.000000,,,,0.010291,0.015176,9,24,-0.001164,-0.000757,-0.008149,-0.014726,-0.018626,-0.008149,0.002561,0.000038,-0.005220,-0.005336,-0.010441,0.001160
2026-07-04,1783204474243,WLD,0.007737,-0.023055,-0.053986,0.074810,0.009874,300,0.037320,-0.015541,0.521978,1.676373,0.954543,15963261,42384874,0.000013,,0.000024,,,,0.010291,0.015176,9,147,0.002096,-0.001013,-0.021103,-0.019501,-0.019949,-0.014202,0.002803,0.000038,-0.006374,-0.006934,-0.026195,0.003175
2026-07-04,1783204474243,YGG,-0.004102,-0.010907,0.046005,0.042613,0.005754,425,0.017289,-0.007013,1.205762,0.733703,0.748908,65926,106604,-0.000018,,0.000000,,,,0.010291,0.015176,9,128,-0.002060,-0.003561,-0.006050,-0.013774,-0.016434,-0.004119,0.000729,0.000018,-0.002439,-0.006461,-0.008686,0.000171
2026-07-04,1783204474243,TRX,0.000307,0.007051,0.014297,0.019517,0.001200,150,0.002573,0.001202,0.133320,0.179200,0.231407,1457493,14807250,0.000013,,-0.000445,,,,0.010291,0.015176,9,54,-0.001044,-0.001198,-0.002119,-0.002979,-0.003071,0.010042,0.000553,0.000038,-0.001565,-0.002485,-0.002854,-0.000184
2026-07-04,1783204474243,kSHIB,0.017065,0.005851,0.061254,0.037106,0.007579,210,0.025082,0.001298,0.477976,0.573184,0.557064,1181499,2233334,0.000013,,0.000000,,,,0.010291,0.015176,9,65,-0.000224,-0.000671,-0.011633,-0.019463,-0.027293,-0.009620,0.002013,0.000038,-0.002228,-0.006906,-0.015148,0.000000
2026-07-04,1783204474243,UNI,0.009558,0.003520,0.102426,0.009719,0.005167,420,0.019182,-0.000704,1.517845,1.001929,0.799061,1934300,10668593,0.000013,,0.000000,,,,0.010291,0.015176,9,68,-0.002452,-0.002297,-0.007699,-0.010927,-0.009095,-0.009654,0.000993,0.000038,-0.008171,-0.007986,-0.013876,0.000154
2026-07-04,1783204474243,SEI,0.019863,0.002300,-0.004944,0.038747,0.005552,270,0.012649,0.009085,0.084584,0.218547,0.305690,569482,1524997,0.000013,,-0.000479,,,,0.010291,0.015176,9,72,0.001596,-0.002015,-0.006326,-0.013230,-0.017022,-0.004111,0.004390,0.000033,0.003311,-0.001516,-0.005665,0.003949
2026-07-04,1783204474243,RUNE,0.019669,0.011261,0.058990,0.027696,0.003267,270,0.010071,0.004088,0.525886,0.490561,0.570116,138203,1490512,0.000013,,0.000000,,,,0.010291,0.015176,9,45,-0.001299,-0.003006,-0.006398,-0.008394,-0.005099,0.001996,0.000024,0.000038,-0.005408,-0.008065,-0.010146,-0.000263
2026-07-04,1783204474243,ZRO,0.022935,0.037660,0.185686,-0.001046,0.011924,165,0.025403,0.008856,0.455031,0.567813,0.427211,4494459,28312323,0.000032,0.000859,0.000934,3.25,34667,23576,0.010291,0.015176,9,13,-0.002169,-0.007246,-0.018147,-0.007886,-0.014480,0.014687,0.000228,0.000240,-0.007962,-0.018305,-0.020191,0.000000
2026-07-04,1783204474243,DOT,0.016510,0.006128,0.088082,0.048387,0.004785,210,0.014057,0.004558,0.052588,0.733103,0.460185,1065008,4540646,0.000013,,0.000000,,,,0.010291,0.015176,9,63,0.000519,-0.002820,-0.011042,-0.014110,-0.015001,-0.000914,0.002865,0.000038,-0.005364,-0.010449,-0.014749,0.002352
2026-07-04,1783204474243,BANANA,0.015239,-0.016579,0.169390,0.065423,0.008553,440,0.022872,0.003355,0.304579,0.750168,1.523981,151213,366639,0.000013,,0.000000,,,,0.010291,0.015176,9,135,-0.000973,0.008137,0.000421,-0.004539,-0.002529,0.009791,0.014362,0.000038,-0.001522,0.006929,-0.003691,0.013048
2026-07-04,1783204474243,TRB,0.017841,0.012959,0.217173,0.152261,0.014711,430,0.013530,0.011349,0.631869,0.233015,0.297826,608748,455638,0.000013,,-0.000197,,,,0.010291,0.015176,9,41,-0.003813,-0.009902,-0.013408,-0.006273,-0.015007,0.113968,0.002460,0.000038,0.004254,-0.007584,-0.004994,0.008015
2026-07-04,1783204474243,BIGTIME,0.007177,-0.002327,0.036112,0.040764,0.005719,180,0.009115,0.001450,0.687481,0.628549,0.697060,68688,89836,0.000013,,0.000000,,,,0.010291,0.015176,9,89,-0.002332,-0.003498,-0.010106,-0.017880,-0.015159,-0.012827,0.008163,0.000038,0.000647,-0.005826,-0.006085,0.007380
2026-07-04,1783204474243,KAS,0.003597,-0.004714,0.124528,0.012710,0.006408,180,0.009667,0.004537,0.123777,0.192063,0.298478,254033,1022750,0.000013,,-0.000288,,,,0.010291,0.015176,9,100,0.008129,0.015138,-0.003393,-0.009858,-0.006593,-0.002624,0.022628,0.000038,0.008502,0.017547,-0.006904,0.021222
2026-07-04,1783204474243,BLUR,0.000581,-0.005134,0.069467,0.035966,0.007147,240,0.014619,-0.002108,0.345225,0.920235,0.740858,168568,420927,0.000013,,-0.000064,,,,0.010291,0.015176,9,102,-0.002064,-0.004451,-0.010127,-0.015610,-0.018577,-0.020964,0.000903,-0.000003,-0.004559,-0.009697,-0.009568,0.000450
2026-07-04,1783204474243,TIA,0.006174,-0.020417,0.058767,0.103256,0.010471,300,0.046839,-0.017015,0.065407,0.083874,0.088756,2086433,2280841,-0.000007,,-0.000481,,,,0.010291,0.015176,9,140,-0.004868,-0.002941,-0.009128,-0.006136,-0.005477,0.009661,0.003550,-0.000023,-0.006755,-0.008368,-0.008242,0.001563
2026-07-04,1783204474243,BSV,-0.029239,0.012223,0.170607,0.014178,0.004853,625,0.036058,-0.015453,0.345866,1.560930,0.891465,196384,604350,0.000013,,0.000208,,,,0.010291,0.015176,9,43,-0.002151,0.000000,0.024637,0.006524,0.004997,0.043931,0.034145,0.000038,-0.007587,-0.005932,0.009243,0.027797
2026-07-04,1783204474243,ADA,0.082361,0.062205,0.316613,0.113870,0.016974,270,0.044600,-0.007225,0.127258,0.120180,0.232256,18513203,28454249,0.000013,0.000100,0.000000,2.09,156825,105130,0.010291,0.015176,9,7,0.003245,0.006332,-0.005286,0.001779,0.004815,0.000733,0.020620,0.000038,-0.003059,-0.003473,0.000518,0.003940
2026-07-04,1783204474243,MINA,0.015716,-0.007205,0.233773,0.106389,0.008204,280,0.030656,0.001954,0.305427,0.526279,0.488708,265174,520142,-0.000040,,-0.001360,,,,0.010291,0.015176,9,114,-0.005257,-0.007045,-0.013046,-0.024752,-0.011407,0.023070,0.000575,-0.000053,-0.003999,-0.008593,-0.015527,0.001978
2026-07-04,1783204474243,POLYX,0.010326,0.000715,0.077390,0.036356,0.004932,270,0.008818,0.001084,0.400227,0.623665,1.091917,61349,90034,0.000013,,0.000000,,,,0.010291,0.015176,9,81,-0.001800,0.000556,-0.004686,-0.010273,-0.014297,-0.000318,0.002303,0.000038,-0.002326,-0.003515,-0.004176,0.000793
2026-07-04,1783204474243,GAS,0.007367,0.005960,0.058916,0.027068,0.004438,280,0.011168,0.001492,0.384358,0.516754,0.691060,86314,177654,0.000013,,0.000000,,,,0.010291,0.015176,9,64,-0.003610,-0.002500,0.024995,-0.004351,-0.000926,-0.001666,0.038326,-0.000170,-0.004984,-0.003969,0.018830,0.035259
2026-07-04,1783204474243,PENDLE,0.015004,-0.002907,0.191869,-0.022989,0.008706,450,0.014040,-0.000868,0.048018,0.073864,0.073425,1546709,6680757,0.000013,,0.000000,,,,0.010291,0.015176,9,95,-0.003458,-0.007934,-0.018919,-0.019801,-0.021157,-0.034583,0.001085,0.000038,0.000816,-0.005369,-0.014816,0.003330
2026-07-04,1783204474243,FET,-0.004158,-0.019410,0.067315,0.025466,0.006784,155,0.024080,-0.008824,0.176561,0.274408,0.507396,1700150,7599294,0.000025,,0.000744,,,,0.010291,0.015176,9,139,-0.002711,-0.005423,-0.019577,-0.032213,-0.034924,-0.025108,0.001627,0.000043,-0.006295,-0.016411,-0.032607,-0.000430
2026-07-04,1783204474243,NEAR,0.015503,-0.024225,0.069139,0.053078,0.009168,420,0.024987,-0.005347,0.244238,0.311101,0.381658,13066683,77561060,0.000013,,0.000000,,,,0.010291,0.015176,9,149,0.003303,0.001151,-0.007107,-0.010011,-0.011612,0.022123,0.004705,0.000038,0.002648,-0.001149,-0.007295,0.002998
2026-07-04,1783204474243,MEME,-0.008157,-0.060278,0.151515,0.050325,0.008210,765,0.012987,-0.006145,0.420476,0.424387,0.315457,265323,487306,0.000013,,0.000000,,,,0.010291,0.015176,9,171,-0.009868,-0.008224,-0.003289,-0.011513,-0.021382,-0.008224,0.001645,0.000038,-0.006547,-0.014730,-0.008183,0.000000
2026-07-04,1783204474243,ORDI,-0.004960,-0.026099,0.128329,0.030748,0.008721,70,0.014091,-0.000696,0.100941,0.946229,0.564432,513795,378744,0.000013,,0.000000,,,,0.010291,0.015176,9,150,-0.004121,-0.009567,-0.008789,-0.037748,-0.040629,-0.056045,0.000692,0.000038,-0.007950,-0.011337,-0.017708,0.003358
2026-07-04,1783204474243,NEO,0.003861,-0.001197,0.053130,0.028636,0.003354,280,0.017279,-0.002927,0.759059,0.582717,0.528889,78096,316981,0.000013,,0.000000,,,,0.010291,0.015176,9,86,-0.000200,-0.001748,-0.002298,-0.007992,-0.009640,0.000400,0.005644,0.000038,-0.003927,-0.006462,-0.004026,0.000746
2026-07-04,1783204474243,ZEN,0.019419,0.001941,0.072600,0.034270,0.006577,260,0.016289,0.007449,0.316301,0.433313,0.613877,130815,292020,0.000013,,0.000000,,,,0.010291,0.015176,9,74,0.000415,-0.002099,-0.006988,-0.010470,-0.012822,0.002306,0.000922,0.000038,-0.002162,-0.005979,-0.005243,0.000046
2026-07-04,1783204474243,FIL,0.000326,-0.010410,0.098711,0.043936,0.005024,280,0.022428,-0.003519,0.191523,0.456348,0.553540,249945,2193018,0.000013,,0.000000,,,,0.010291,0.015176,9,125,-0.001791,-0.000989,-0.007777,-0.012924,-0.012561,0.002693,0.002843,0.000038,-0.005088,-0.008895,-0.011470,0.000012
2026-07-04,1783204474243,PYTH,0.011108,-0.022522,0.144996,0.013468,0.008537,150,0.023891,0.000251,0.216335,0.460545,0.372984,518872,2468822,0.000013,,-0.000235,,,,0.010291,0.015176,9,145,-0.003862,-0.006367,-0.000365,-0.000470,0.009603,0.050857,0.018005,0.000038,-0.006513,-0.004541,-0.001739,0.006280
2026-07-04,1783204474243,SUSHI,0.001218,0.016945,0.089367,0.011131,0.011590,615,0.020666,-0.006262,0.535790,0.496162,0.603497,88431,383621,0.000013,,0.000000,,,,0.010291,0.015176,9,31,-0.004561,-0.006264,-0.012588,-0.018365,-0.018609,-0.009791,-0.000547,0.000038,-0.004851,-0.011217,-0.015279,-0.000303
2026-07-04,1783204474243,IMX,0.052592,0.061508,0.135418,0.086297,0.011361,85,0.029241,0.015433,0.395086,1.638664,2.376183,235306,1990762,0.000013,0.000100,0.000000,6.47,8934,6521,0.010291,0.015176,9,8,-0.004601,-0.004745,-0.020273,-0.021280,-0.023652,-0.003451,0.000575,0.000038,-0.020245,-0.026828,-0.031854,-0.000283
2026-07-04,1783204474243,kBONK,0.010996,-0.003812,0.195809,0.145747,0.012959,365,0.024750,0.005048,0.886246,0.438006,0.688846,5996190,9156675,0.000013,,0.000000,,,,0.010291,0.015176,9,98,-0.014099,-0.014502,-0.030010,-0.000806,0.019940,-0.017925,0.004632,0.000038,-0.021804,-0.040238,-0.026957,0.002180
2026-07-04,1783204474243,GMT,-0.004805,0.022661,0.084732,0.033765,0.011347,255,0.019898,-0.001991,0.238209,0.259350,0.462723,120961,263515,0.000013,,0.000000,,,,0.010291,0.015176,9,25,-0.002847,-0.005818,-0.009161,-0.019436,-0.019436,0.004085,0.001362,0.000038,-0.000742,-0.006309,-0.011009,0.000619
2026-07-04,1783204474243,SUPER,0.003785,-0.002825,0.062605,0.017540,0.005406,425,0.012831,-0.000448,0.480495,0.715386,0.720723,92410,136509,0.000013,,0.000000,,,,0.010291,0.015176,9,94,-0.003219,-0.005336,-0.013197,-0.019624,-0.018356,-0.008247,0.000121,0.000038,-0.003311,-0.005529,-0.013298,0.002395
2026-07-04,1783204474243,JUP,-0.000425,-0.030876,0.077638,-0.002382,0.007015,300,0.015762,0.000820,0.101465,0.116337,0.164095,1966378,9237030,0.000013,,-0.000390,,,,0.010291,0.015176,9,156,0.002506,0.003228,-0.002166,-0.000935,0.004163,0.039506,0.005437,0.000038,0.002713,-0.004451,-0.000424,0.002883
2026-07-04,1783204474243,kLUNC,-0.000531,-0.002726,0.049085,0.038508,0.005050,280,0.015745,-0.003324,3.563926,1.155687,1.390122,130011,476790,0.000042,,0.000532,,,,0.010291,0.015176,9,93,-0.002468,-0.008748,-0.015935,-0.015357,-0.020293,-0.028292,0.000437,0.000061,-0.002899,-0.009242,-0.013575,-0.000062
2026-07-04,1783204474243,RSR,0.016779,-0.007371,0.027990,0.041809,0.009144,260,0.015435,-0.001676,0.747566,0.339683,1.259129,35132,117691,0.000013,,0.000000,,,,0.010291,0.015176,9,115,0.000000,-0.001650,-0.008251,-0.002475,-0.017327,0.015677,0.000000,0.000038,-0.006557,-0.009016,-0.014754,-0.002459
2026-07-04,1783204474243,GALA,0.007531,-0.037954,0.067849,0.080743,0.009724,385,0.035643,-0.012386,0.403930,0.426325,0.421032,107918,258612,0.000013,,0.000000,,,,0.010291,0.015176,9,163,-0.004153,-0.002076,-0.019934,-0.028239,-0.032807,-0.025748,0.000831,0.000038,-0.011944,-0.014003,-0.034185,-0.000412
2026-07-04,1783204474243,JTO,0.011939,-0.039851,-0.102579,0.031116,0.020780,300,0.020593,0.004876,0.597903,0.528067,0.474845,2714338,13112861,0.000013,,0.000000,,,,0.010291,0.015176,9,165,0.001750,-0.002201,-0.000328,0.011949,0.016433,-0.003691,0.015489,0.000038,-0.006779,-0.013261,0.003315,0.004005
2026-07-04,1783204474243,ACE,-0.007509,-0.002516,0.084815,0.047431,0.017073,595,0.049161,-0.012973,0.070308,0.090466,0.117608,183550,179317,0.000013,,0.000000,,,,0.010291,0.015176,9,90,-0.001261,-0.006305,-0.011349,-0.021438,-0.021438,-0.006305,-0.001261,0.000038,-0.003774,-0.011321,-0.011321,-0.002516
2026-07-04,1783204474243,WIF,0.000000,-0.032578,0.062541,0.059643,0.011242,275,0.033425,-0.014306,0.611568,0.316803,0.208159,1924811,4547890,0.000013,,0.000000,,,,0.010291,0.015176,9,159,-0.000566,-0.002547,-0.013413,-0.016130,-0.018450,0.007188,0.002320,0.000038,-0.003999,-0.011603,-0.014363,0.001633
2026-07-04,1783204474243,CAKE,0.013741,0.003221,0.061974,0.028336,0.008559,265,0.004969,0.006293,7.263918,4.501122,2.344043,192206,727538,0.000013,,0.000000,,,,0.010291,0.015176,9,69,-0.004352,-0.007348,-0.013484,-0.019976,-0.016694,0.050653,0.004566,0.000038,0.006481,0.000648,-0.002736,0.013970
2026-07-04,1783204474243,PEOPLE,0.003333,-0.000553,0.073296,0.046121,0.010809,395,0.041740,-0.018082,0.184228,0.216604,0.253600,159630,94763,0.000013,,-0.000184,,,,0.010291,0.015176,9,84,-0.001846,-0.005168,-0.004614,-0.005353,0.001292,0.005353,0.001107,0.000038,-0.003493,-0.006803,-0.006619,0.000735
2026-07-04,1783204474243,ENS,0.003259,-0.008564,0.038715,0.050881,0.007466,280,0.017851,-0.004211,0.403955,0.336077,0.406066,492533,1982670,0.000013,,0.000000,,,,0.010291,0.015176,9,119,,,,,,,,,,,,
2026-07-04,1783204474243,ETC,-0.006395,0.007688,0.025239,0.022972,0.007837,385,0.022757,-0.004509,0.081144,0.084837,0.101804,403756,1094991,0.000013,,-0.000274,,,,0.010291,0.015176,9,53,-0.001235,-0.004075,-0.008247,-0.008851,-0.017523,-0.008398,0.000398,0.000038,-0.004264,-0.007585,-0.009800,0.001162
2026-07-04,1783204474243,XAI,-0.001332,-0.002660,0.071429,0.031550,0.005326,250,0.020888,-0.009691,0.402610,0.493850,0.471757,55551,419214,0.000013,,0.000000,,,,0.010291,0.015176,9,92,0.000000,-0.002667,-0.002667,-0.006667,-0.017333,-0.017333,0.002667,0.000038,-0.007958,-0.007958,-0.005305,0.001326
2026-07-04,1783204474243,MANTA,0.002716,-0.003177,-0.252056,0.012544,0.009281,280,0.024557,-0.007313,0.505449,0.790699,0.790681,302982,678289,-0.000000,,-0.000796,,,,0.010291,0.015176,9,97,-0.007648,-0.010038,-0.010835,-0.008126,-0.019439,-0.026609,-0.000159,0.000028,-0.010291,-0.013458,-0.014408,0.000000
2026-07-04,1783204474243,UMA,0.002468,0.001510,0.043352,0.018423,0.002796,280,0.009209,-0.001445,1.289298,1.049486,0.918936,55904,231519,0.000013,,0.000000,,,,0.010291,0.015176,9,77,,,,,,,,,,,,
2026-07-04,1783204474243,ONDO,0.017862,0.010363,0.084971,0.016006,0.009636,270,0.031049,-0.002263,0.389283,0.773454,0.742671,2144620,7925317,0.000013,,0.000000,,,,0.010291,0.015176,9,49,-0.000711,-0.002964,-0.019060,-0.021521,-0.024189,-0.007500,0.001423,0.000038,-0.001951,-0.006357,-0.019218,-0.000562
2026-07-04,1783204474243,ALT,0.022475,0.032629,0.161525,0.073980,0.011138,380,0.032063,-0.000935,2.399085,0.888162,0.837724,353050,315157,0.000013,0.000096,0.000000,6.10,16793,15155,0.010291,0.015176,9,16,0.006106,0.018928,0.001374,-0.011601,-0.004427,0.010075,0.022592,0.000038,0.005339,0.010677,-0.003203,0.021812
2026-07-04,1783204474243,ZETA,0.003954,0.029181,0.082102,0.015364,0.013393,325,0.023834,-0.008903,0.038663,0.126453,0.301092,118078,338470,-0.000001,-0.000010,-0.000262,7.87,8637,7837,0.010291,0.015176,9,19,-0.002363,-0.003150,-0.013652,-0.015490,-0.014439,-0.028879,0.001050,-0.000033,-0.001836,-0.004722,-0.009969,0.001836
2026-07-04,1783204474243,DYM,-0.006544,0.056962,0.129141,0.025308,0.036995,445,0.109808,-0.043479,0.065491,0.093145,0.126182,446540,241098,0.000013,-0.000194,0.000000,17.96,10755,7752,0.010291,0.015176,9,9,-0.003593,0.007784,0.002994,-0.003593,0.000599,-0.001198,0.010778,0.000038,0.001201,0.005405,-0.000601,0.013814
2026-07-04,1783204474243,W,0.007790,0.014706,0.064815,0.014925,0.019342,500,0.018957,-0.005851,0.151898,0.206515,0.187275,256541,1196242,0.000013,,0.000000,,,,0.010291,0.015176,9,36,-0.000966,-0.004831,-0.009662,-0.011594,-0.013527,0.018357,0.004831,0.000038,-0.000962,-0.006737,-0.008662,0.001925
2026-07-04,1783204474243,STRK,0.006094,-0.017231,0.103024,0.043478,0.005109,275,0.017846,-0.003997,0.161427,0.324726,0.381172,431955,2593261,0.000013,,0.000000,,,,0.010291,0.015176,9,136,-0.000638,-0.004463,-0.006376,-0.011476,-0.015620,0.014345,0.000956,0.000038,-0.006020,-0.009823,-0.008238,0.000317
2026-07-04,1783204474243,TAO,0.020738,0.006912,0.039211,0.029465,0.005405,300,0.009763,0.007377,0.705237,0.510482,0.812767,4629946,22567815,0.000013,,0.000364,,,,0.010291,0.015176,9,56,0.001382,-0.000184,-0.011702,-0.014236,-0.017322,-0.007233,0.002995,0.000038,-0.000276,-0.003815,-0.012502,0.003309
2026-07-04,1783204474243,AR,0.005634,0.034883,0.155331,0.015567,0.016568,330,0.017950,0.007468,1.370129,1.436884,0.867354,287671,2016014,0.000013,0.000100,0.000238,5.70,56014,15317,0.010291,0.015176,9,15,0.004225,0.005080,-0.007406,-0.018657,-0.028342,-0.032330,0.009590,0.000038,-0.004519,-0.002824,-0.012757,0.001083
2026-07-04,1783204474243,kFLOKI,0.009109,-0.011198,0.107209,0.092797,0.006149,285,0.025890,-0.007774,0.317936,0.506383,0.421998,160202,653439,0.000013,,-0.000125,,,,0.010291,0.015176,9,129,-0.001713,-0.004054,-0.010030,-0.009904,-0.014334,0.001839,0.001755,0.000038,-0.003960,-0.007920,-0.010462,0.000750
2026-07-04,1783204474243,BOME,-0.017738,-0.026374,0.110276,0.068075,0.008929,620,0.030635,-0.019938,1.287877,0.660013,0.490780,106970,184117,0.000013,,0.000000,,,,0.010291,0.015176,9,152,-0.002257,-0.006772,-0.013544,-0.011287,-0.020316,0.027088,0.000000,0.000038,-0.011186,-0.013423,-0.017897,0.000000
2026-07-04,1783204474243,ETHFI,0.046680,0.103163,0.195735,0.127785,0.016909,150,0.069981,-0.008148,1.317291,0.889142,0.824100,4913031,5193680,0.000013,0.000114,0.000726,5.32,23468,22839,0.010291,0.015176,9,2,-0.007602,-0.000072,-0.008833,0.010570,-0.000459,0.018124,0.013080,0.000110,-0.006132,-0.008225,-0.000337,0.003535
2026-07-04,1783204474243,ENA,0.010888,-0.009511,0.024316,0.037147,0.010296,415,0.035750,-0.006521,0.434855,0.277193,0.312502,5916096,25490799,0.000013,,-0.000431,,,,0.010291,0.015176,9,121,0.004661,0.002058,-0.005817,-0.006109,-0.011520,0.020220,0.006046,0.000029,-0.003736,-0.008642,-0.009523,0.001874
2026-07-04,1783204474243,MNT,0.019316,0.002330,0.034916,0.032415,0.005575,270,0.012375,0.000791,0.165918,0.326892,0.358569,238831,2463523,0.000013,,-0.000442,,,,0.010291,0.015176,9,71,-0.000111,0.003232,-0.000863,-0.006508,-0.004228,-0.017909,0.004582,0.000038,-0.005281,-0.003015,-0.006271,-0.000770
2026-07-04,1783204474243,TNSR,0.028818,-0.005457,-0.024507,0.037545,0.012367,385,0.006028,0.008136,0.045359,0.095080,0.267289,31354,273856,-0.000019,,0.000000,,,,0.010291,0.015176,9,104,-0.000289,0.002599,0.001444,-0.000866,-0.010107,-0.010107,0.011839,0.000009,0.008757,0.015470,0.007881,0.022767
2026-07-04,1783204474243,SAGA,0.029518,0.037736,0.114575,-0.021307,0.020129,440,0.043478,0.000095,0.150810,0.315833,0.472377,220392,854158,0.000072,0.000656,0.000701,6.99,16547,12041,0.010291,0.015176,9,12,-0.005594,-0.002098,-0.016084,-0.027273,-0.021678,-0.027273,0.000699,0.000302,-0.010431,-0.011822,-0.019471,0.004868
2026-07-04,1783204474243,MERL,0.011862,-0.004977,0.065063,0.013193,0.007400,370,0.021894,-0.004498,1.081414,0.652029,0.659794,90333,389124,0.000013,,-0.000404,,,,0.010291,0.015176,9,101,-0.001465,-0.005659,-0.011975,-0.017180,0.004851,-0.007529,0.000960,0.000038,-0.003676,-0.011179,-0.013294,0.000252
2026-07-04,1783204474243,HBAR,0.036623,0.035733,0.057744,0.035769,0.010394,35,0.007846,0.022943,0.072678,0.750786,1.585387,1397837,4329685,0.000013,0.000100,-0.000237,0.92,52677,56681,0.010291,0.015176,9,14,0.010053,0.013829,0.001053,-0.008816,-0.007868,0.003789,0.021421,0.000038,0.012917,0.014938,0.001457,0.019008
2026-07-04,1783204474243,POPCAT,-0.012761,-0.034910,0.144735,0.081561,0.010874,385,0.040736,-0.016311,0.366393,0.161871,0.149576,1854390,1643053,0.000013,,-0.000321,,,,0.010291,0.015176,9,161,-0.000962,-0.004970,-0.017215,-0.013387,0.011102,0.035552,0.003267,0.000038,-0.000960,-0.021963,-0.021363,0.002400
2026-07-04,1783204474243,EIGEN,0.085741,0.094925,-0.022241,0.038555,0.016415,170,0.026327,0.016814,0.375780,0.623916,0.804870,1107412,6049082,0.000013,0.000126,0.000000,8.56,34499,47246,0.010291,0.015176,9,3,0.012446,-0.003004,-0.002146,-0.000429,-0.008155,0.037339,0.024464,0.000038,0.016253,-0.007699,0.008554,0.020958
2026-07-04,1783204474243,REZ,0.020887,0.010496,0.074037,0.031496,0.031622,135,0.046805,-0.017199,0.971417,0.603458,1.313736,155169,513267,0.000013,,0.000000,,,,0.010291,0.015176,9,48,-0.027699,-0.029273,-0.033050,-0.032106,-0.025496,-0.040604,0.001259,0.000038,-0.032551,-0.033803,-0.035681,0.000626
2026-07-04,1783204474243,NOT,0.000000,0.073892,0.141361,0.046392,0.023256,30,0.013575,0.018517,0.852284,0.561208,0.586686,89471,257153,-0.000009,0.000100,0.000000,45.98,6822,3224,0.010291,0.015176,9,4,-0.009174,-0.009174,-0.016055,-0.013761,-0.025229,-0.034404,0.000000,0.000038,-0.006865,-0.009153,-0.022883,0.011442
2026-07-04,1783204474243,TURBO,-0.001110,-0.002217,0.115242,0.033219,0.008811,580,0.043571,-0.013508,0.523261,1.410700,0.966840,99164,325526,0.000013,,0.000000,,,,0.010291,0.015176,9,88,-0.005556,-0.008889,-0.012222,-0.012222,-0.006667,0.031111,0.001111,0.000038,-0.007726,-0.015453,-0.013245,-0.002208
2026-07-04,1783204474243,BRETT,0.003789,-0.010317,0.063659,0.040726,0.007739,275,0.024031,-0.005237,0.983600,0.744151,0.814478,101062,283154,0.000013,,0.000000,,,,0.010291,0.015176,9,124,-0.002876,-0.004853,-0.008986,-0.017973,-0.023185,0.008267,0.001618,0.000038,-0.004122,-0.009498,-0.012366,0.000717
2026-07-04,1783204474243,IO,0.006339,-0.009023,-0.009079,0.033427,0.004624,55,0.022994,-0.003049,1.564584,1.287897,0.800103,171135,648325,0.000013,,0.000000,,,,0.010291,0.015176,9,120,-0.004008,-0.008590,-0.011338,-0.019756,-0.024795,0.020271,0.000973,0.000038,-0.007574,-0.014010,-0.015775,0.002107
2026-07-04,1783204474243,ZK,0.007297,-0.028692,0.048841,0.058926,0.006946,265,0.024054,-0.003255,1.899448,0.926345,0.597371,247143,761644,0.000013,,0.000000,,,,0.010291,0.015176,9,155,-0.006209,-0.004892,-0.011101,-0.020696,-0.002634,0.011477,0.010724,0.000026,-0.008984,-0.011885,-0.016189,0.005428
2026-07-04,1783204474243,RENDER,0.016975,0.000994,0.035932,0.013025,0.011281,315,0.016658,0.003429,0.266726,0.350825,0.745071,244093,1228818,0.000008,,-0.000242,,,,0.010291,0.015176,9,79,-0.002668,-0.003785,-0.008377,-0.011231,-0.007694,0.003785,0.000310,-0.000014,-0.003030,-0.005009,-0.010946,0.000433
2026-07-04,1783204474243,POL,0.002337,0.001412,0.041806,0.011480,0.003513,280,0.010849,-0.000354,0.311271,0.569356,0.388537,410735,2194261,0.000013,,0.000000,,,,0.010291,0.015176,9,78,0.000312,-0.000285,-0.008609,-0.007782,-0.008988,0.008093,0.001613,0.000038,0.001396,-0.000515,-0.007890,0.001627
2026-07-04,1783204474243,CELO,0.016284,0.025019,0.055043,0.032679,0.005963,170,0.020840,-0.004603,1.457994,0.684368,0.749503,165961,142718,0.000013,,0.000000,,,,0.010291,0.015176,9,22,-0.002195,0.002043,-0.004665,-0.008355,-0.019591,0.043557,0.004162,0.000020,-0.004959,-0.004549,-0.010888,0.001971
2026-07-04,1783204474243,HMSTR,-0.167076,0.324219,0.842391,0.361702,0.106452,665,0.215278,-0.046752,0.230189,0.747649,0.475819,5980140,1532087,-0.000028,-0.000706,0.000000,29.63,16093,12109,0.010291,0.015176,9,1,0.011799,-0.008850,0.026549,0.011799,-0.070796,-0.091445,0.053097,-0.000052,-0.063014,-0.073973,-0.049315,0.000000
2026-07-04,1783204474243,kNEIRO,-0.012234,-0.027220,0.089637,0.052277,0.008103,370,0.029818,-0.015438,0.057267,0.117898,0.154644,655595,193258,-0.000034,,-0.001221,,,,0.010291,0.015176,9,153,-0.000306,-0.004281,-0.011621,-0.013303,-0.013150,0.067125,0.002752,-0.000163,-0.003801,-0.009883,-0.015509,0.000000
2026-07-04,1783204474243,GOAT,0.011057,-0.020670,0.131463,0.084486,0.011706,350,0.027898,-0.001996,0.996202,1.111330,0.723581,207599,198855,0.000013,,0.000070,,,,0.010291,0.015176,9,141,-0.006060,-0.006060,-0.010100,-0.025216,-0.039078,0.059975,0.001950,0.000038,-0.005345,-0.011384,-0.013675,0.001319
2026-07-04,1783204474243,MOODENG,-0.008246,-0.037432,0.093919,0.042002,0.005359,280,0.030983,-0.012810,0.376304,1.759508,1.134931,228308,414949,0.000013,,0.000000,,,,0.010291,0.015176,9,162,-0.002709,-0.006563,-0.009039,-0.012472,-0.013523,0.012729,0.000467,0.000038,-0.005601,-0.012387,-0.015478,0.000279
2026-07-04,1783204474243,GRASS,-0.039439,-0.024095,0.111871,0.089266,0.011642,625,0.051515,-0.025248,2.790910,1.938701,1.364316,2478041,12753732,0.000119,,0.000930,,,,0.010291,0.015176,9,148,-0.028604,-0.031099,-0.049179,-0.055952,-0.035377,-0.058556,0.001183,0.000168,-0.062070,-0.055480,-0.075781,-0.001166
2026-07-04,1783204474243,PURR,-0.024296,-0.032221,0.128907,0.115938,0.008849,670,0.034948,-0.011310,0.042086,0.233760,0.474951,243377,7269586,0.000013,,0.000000,,,,0.010291,0.015176,9,157,0.000010,0.000010,-0.006358,-0.028630,-0.023155,0.026033,0.003418,0.000038,0.001123,0.003630,-0.001425,0.004545
2026-07-04,1783204474243,PNUT,-0.006886,-0.021663,0.099336,0.054940,0.007730,440,0.023799,-0.008806,0.854271,0.948509,0.870338,725929,766750,0.000013,,0.000448,,,,0.010291,0.015176,9,144,-0.000895,-0.001566,-0.003579,-0.005144,-0.004026,0.028853,0.004921,0.000038,-0.004449,-0.006452,-0.004004,0.000222
2026-07-04,1783204474243,XLM,0.007350,0.014113,0.190747,0.027286,0.011360,355,0.041678,-0.011897,0.683220,0.238029,0.241149,4099743,8867540,0.000013,,0.000000,,,,0.010291,0.015176,9,37,-0.001981,-0.000435,-0.010148,-0.015029,-0.023050,-0.010776,0.002658,0.000038,-0.010372,-0.012236,-0.017159,-0.000287
2026-07-04,1783204474243,SAND,0.016389,-0.008085,0.082268,0.062540,0.004293,280,0.011656,0.012262,0.156241,0.127472,0.118889,341304,310995,0.000013,,0.000000,,,,0.010291,0.015176,9,117,-0.001752,-0.007422,0.004823,-0.005493,-0.006891,0.011891,0.019255,0.000038,-0.003810,-0.008426,0.007208,0.016792
2026-07-04,1783204474243,IOTA,0.021608,-0.005568,0.052957,0.011288,0.010749,255,0.028582,0.001191,0.162464,0.144554,0.147613,69732,177802,0.000013,,0.000000,,,,0.010291,0.015176,9,105,0.003920,0.003996,0.005320,-0.004251,-0.016595,-0.020820,0.018860,0.000038,0.001797,-0.003873,-0.000759,0.013187
2026-07-04,1783204474243,ALGO,0.015745,0.017464,0.054974,0.029793,0.008249,325,0.015990,0.001777,0.080406,0.135725,0.257129,507437,2059232,0.000013,,0.000000,,,,0.010291,0.015176,9,29,-0.001741,-0.005255,-0.007304,-0.000639,-0.007051,0.003217,0.017957,0.000038,-0.005371,-0.006138,-0.008286,0.000066
2026-07-04,1783204474243,HYPE,-0.009208,-0.009868,0.134972,0.055862,0.004985,550,0.018552,-0.004219,0.577184,0.580051,0.795606,302004974,1529181740,0.000013,,0.000213,,,,0.010291,0.015176,9,122,0.000343,-0.001373,-0.009408,-0.016443,-0.013741,0.020733,0.001930,0.000038,-0.001555,-0.003965,-0.011495,0.001341
2026-07-04,1783204474243,ME,-0.009441,-0.026172,0.081081,-0.024347,0.005684,600,0.023199,-0.013636,0.190476,0.509822,0.484828,167302,415037,-0.000046,,-0.001092,,,,0.010291,0.015176,9,151,-0.002969,-0.003750,-0.008125,-0.016563,-0.010781,-0.021094,0.007031,-0.000145,-0.001096,-0.000626,-0.004539,0.008765
2026-07-04,1783204474243,MOVE,0.006937,0.007769,0.103339,0.028564,0.007000,165,0.006842,0.004774,0.975526,0.630107,0.865710,64091,243607,0.000013,,0.000000,,,,0.010291,0.015176,9,52,-0.001230,-0.003035,-0.006479,-0.008201,-0.013040,-0.011564,0.012056,0.000038,-0.003112,-0.006634,0.000819,0.010730
2026-07-04,1783204474243,VIRTUAL,0.006569,-0.020924,0.068186,0.049354,0.007024,265,0.019066,-0.003226,0.629741,2.780864,1.959818,749425,6298928,0.000013,,0.000000,,,,0.010291,0.015176,9,142,-0.001495,-0.001917,-0.008408,-0.017414,-0.019437,0.006455,0.001091,0.000038,-0.004118,-0.006782,-0.015825,0.000193
2026-07-04,1783204474243,PENGU,-0.001043,-0.013386,0.085451,0.073086,0.014089,440,0.033852,-0.003323,0.106445,0.181198,0.288353,4797610,6003808,0.000009,,-0.000298,,,,0.010291,0.015176,9,132,-0.002236,-0.005517,-0.016997,-0.019234,-0.014761,0.010586,0.000149,0.000028,-0.005048,-0.010689,-0.017815,0.001336
2026-07-04,1783204474243,USUAL,0.000000,-0.018614,0.095843,0.052231,0.012605,275,0.016580,-0.002653,10.518853,3.387738,2.223279,51678,155333,0.000013,,0.000000,,,,0.010291,0.015176,9,138,-0.002107,-0.003161,-0.003161,-0.012645,-0.016860,-0.003161,0.001054,0.000038,-0.006296,-0.008395,-0.008395,0.000000
2026-07-04,1783204474243,FARTCOIN,-0.020680,-0.065378,0.246913,0.072155,0.011159,550,0.037415,-0.015180,0.382476,0.399845,0.666495,16511244,27031903,0.000028,,0.001622,,,,0.010291,0.015176,9,173,0.000747,0.000187,-0.005045,-0.009530,-0.016444,0.009468,0.003426,0.000155,0.001555,-0.000684,-0.000560,0.001990
2026-07-04,1783204474243,AIXBT,0.003826,-0.007072,0.100635,0.045017,0.005337,275,0.030583,-0.008890,0.509997,1.098821,0.894379,138381,433285,0.000013,,0.000000,,,,0.010291,0.015176,9,113,0.000702,-0.001103,-0.002207,-0.013843,-0.019109,0.022620,0.006169,0.000025,-0.003490,-0.006132,-0.006431,0.000199
2026-07-04,1783204474243,BIO,-0.012962,0.002750,0.079858,0.035028,0.014553,50,0.019302,-0.004460,0.218741,3.302547,2.830313,450067,1439553,0.000013,,0.000000,,,,0.010291,0.015176,9,70,-0.003194,-0.005195,-0.013777,-0.023780,-0.027038,-0.023134,0.000613,0.000038,0.000194,-0.003777,-0.014269,0.001162
2026-07-04,1783204474243,GRIFFAIN,0.006017,0.021279,0.122664,0.081956,0.007781,275,0.018301,0.009826,0.548639,0.291428,0.245164,120430,657443,0.000013,,0.000000,,,,0.010291,0.015176,9,27,-0.000897,-0.005981,-0.005981,-0.002393,-0.007676,-0.032499,0.006480,0.000038,-0.004370,-0.009634,-0.004966,0.002681
2026-07-04,1783204474243,SPX,-0.036573,-0.010503,0.182835,0.109909,0.030443,495,0.060677,-0.032128,0.625506,0.363092,0.486975,5477507,5711746,0.000013,,0.000517,,,,0.010291,0.015176,9,126,-0.006781,-0.005356,-0.015037,-0.040394,-0.027200,-0.019534,0.001057,0.000038,-0.013332,-0.010079,-0.021307,0.002593
2026-07-04,1783204474243,S,-0.005597,-0.017513,0.204593,0.090503,0.005646,230,0.018128,-0.009015,3.989890,1.218492,1.014916,550715,1187325,0.000013,,-0.000712,,,,0.010291,0.015176,9,137,0.001426,-0.000638,-0.008706,-0.007805,-0.002139,0.030359,0.002739,-0.000025,-0.006655,-0.007436,-0.014166,0.002974
2026-07-04,1783204474243,MORPHO,0.007290,-0.014119,0.114914,-0.047020,0.004666,280,0.003988,0.007820,0.130716,0.361622,0.249429,1469964,4973258,0.000013,,0.001002,,,,0.010291,0.015176,9,133,0.000821,0.002977,0.000873,-0.000103,0.002053,-0.010471,0.015194,0.000038,0.003244,0.007672,0.001854,0.018382
2026-07-04,1783204474243,TRUMP,0.024956,0.015347,0.102867,0.043319,0.013224,250,0.030274,-0.002881,4.784195,4.135890,2.420159,2370568,13162461,-0.000042,,-0.000856,,,,0.010291,0.015176,9,34,0.001704,0.001484,-0.002968,-0.003078,-0.043256,-0.056337,0.009234,-0.000199,-0.007668,-0.011094,-0.006689,-0.000924
2026-07-04,1783204474243,MELANIA,0.018160,0.031181,0.142973,0.080974,0.014337,130,0.039047,-0.005834,3.364294,2.323789,1.763163,303145,724171,0.000013,0.000100,0.000000,16.53,35848,14297,0.010291,0.015176,9,18,0.000236,-0.001536,-0.007205,-0.016655,-0.027640,-0.016655,0.004252,0.000038,-0.026022,-0.029131,-0.034197,0.000000
2026-07-04,1783204474243,ANIME,0.003564,0.000711,0.078927,0.043769,0.002850,280,0.008800,0.002205,0.423514,0.577278,0.735499,175343,195488,0.000013,,-0.000355,,,,0.010291,0.015176,9,82,-0.002131,-0.000355,-0.006392,-0.013139,-0.012784,-0.008523,0.002131,0.000038,-0.005662,-0.006016,-0.006723,0.000000
2026-07-04,1783204474243,VINE,-0.057790,-0.088002,0.006025,-0.008905,0.009218,215,0.065698,-0.018373,0.350218,1.016468,1.338572,186883,374627,0.000013,,0.000000,,,,0.010291,0.015176,9,176,0.005312,0.006085,0.002705,0.000580,-0.031102,-0.060272,0.018932,0.000038,0.010259,0.006098,0.003097,0.021003
2026-07-04,1783204474243,VVV,0.010028,-0.061555,-0.092601,-0.025527,0.013418,750,0.042394,0.002894,0.155500,0.270070,0.633005,11831310,20479629,0.000013,,-0.000422,,,,0.010291,0.015176,9,172,0.000163,-0.002523,-0.023356,-0.080648,-0.064290,-0.024821,0.007975,0.000019,-0.000974,-0.013799,-0.032468,0.005357
2026-07-04,1783204474243,BERA,-0.003078,-0.028409,0.006166,0.011634,0.005335,315,0.018865,-0.007300,0.040894,0.061107,0.170529,951708,1363368,0.000013,,0.000000,,,,0.010291,0.015176,9,154,0.001918,0.005708,0.006409,-0.004304,-0.014175,-0.030035,0.019181,0.000038,0.002525,0.007013,0.006125,0.018562
2026-07-04,1783204474243,LAYER,0.017451,-0.006548,0.000074,-0.000911,0.007423,285,0.016948,0.005335,1.783490,0.711334,0.649135,132210,611116,0.000010,,-0.000044,,,,0.010291,0.015176,9,110,-0.000074,-0.001437,-0.001851,-0.012841,-0.018573,0.012841,0.003214,-0.000013,-0.002914,-0.003387,-0.004704,0.001864
2026-07-04,1783204474243,KAITO,0.036232,-0.008478,0.118954,0.098876,0.014699,0,0.000162,0.025144,0.096263,0.465416,0.562914,499804,2108349,0.000013,,0.000000,,,,0.010291,0.015176,9,118,-0.001103,-0.003375,-0.005825,-0.013045,-0.025506,0.031266,0.005484,0.000038,0.003952,0.003935,0.001845,0.011920
2026-07-04,1783204474243,NIL,-0.007087,-0.044735,0.130273,0.126272,0.008287,385,0.030885,-0.008690,0.043225,0.078817,0.328598,323078,629394,0.000013,,0.000211,,,,0.010291,0.015176,9,169,-0.004741,-0.009140,-0.016067,-0.022151,-0.015619,-0.000869,0.001343,0.000038,-0.001317,-0.008823,-0.013090,0.001343
2026-07-04,1783204474243,PAXG,0.000288,-0.000336,0.022432,0.011014,0.000600,280,0.000959,-0.000138,0.108784,0.647804,0.379482,648345,20339723,0.000013,,-0.000163,,,,0.010291,0.015176,9,83,0.000072,0.000336,-0.000024,0.000288,-0.000336,0.003529,0.000336,0.000038,0.000048,0.000168,-0.000360,0.000336
2026-07-04,1783204474243,BABY,0.000715,-0.022821,0.088549,0.034510,0.009975,295,0.012205,0.002404,1.000515,0.742983,0.698077,129476,356490,0.000013,,0.000000,,,,0.010291,0.015176,9,146,0.000071,0.003071,0.016069,-0.014212,-0.016712,-0.002571,0.021426,0.000038,0.002863,0.009518,0.018679,0.023545
2026-07-04,1783204474243,WCT,-0.016782,0.011078,0.066561,0.010582,0.005679,690,0.023186,-0.012155,0.813338,0.515168,0.574948,44646,65453,0.000013,,0.000000,,,,0.010291,0.015176,9,47,-0.014424,-0.012135,-0.011824,-0.026114,-0.019758,-0.002511,-0.000089,0.000038,-0.001155,-0.010105,-0.014881,0.000000
2026-07-04,1783204474243,HYPER,-0.020032,-0.051396,-0.010560,0.001719,0.003689,435,0.025830,-0.016795,1.984295,0.879016,0.659507,133422,262309,0.000013,,-0.000065,,,,0.010291,0.015176,9,170,-0.002055,-0.003463,-0.007391,-0.015545,-0.015687,-0.022819,0.020028,-0.000014,-0.007674,-0.006879,-0.015143,0.013051
2026-07-04,1783204474243,ZORA,-0.000967,-0.010266,0.007805,0.025835,0.005264,390,0.013775,-0.004056,0.655281,0.325497,0.288969,98312,568492,0.000013,,0.000000,,,,0.010291,0.015176,9,123,-0.002628,0.008436,-0.004702,-0.009404,-0.012032,0.025031,0.011340,0.000037,-0.003728,0.005385,-0.002486,0.009804
2026-07-04,1783204474243,INIT,-0.011026,0.010253,0.125329,0.024391,0.009575,645,0.022281,-0.007395,0.105281,0.185767,0.238421,346138,217709,0.000013,,-0.000288,,,,0.010291,0.015176,9,51,-0.003592,-0.004897,-0.020841,-0.034752,-0.032041,-0.014978,0.000271,0.000038,-0.008141,-0.014816,-0.032818,-0.001011
2026-07-04,1783204474243,NXPC,0.008565,-0.006819,0.036986,0.018422,0.003648,275,0.008421,-0.001727,0.096418,0.245861,0.398407,99301,619986,0.000013,,0.000000,,,,0.010291,0.015176,9,111,0.000181,-0.001662,-0.004228,-0.008022,-0.015611,-0.027066,0.002457,0.000038,-0.000865,-0.001046,-0.005877,0.000144
2026-07-04,1783204474243,SOPH,-0.003849,0.006808,0.087852,0.031708,0.007782,260,0.015782,-0.006106,0.772160,1.061372,0.820695,42955,163619,0.000013,,0.000000,,,,0.010291,0.015176,9,57,-0.000966,-0.000966,-0.007728,-0.020866,-0.020093,-0.012172,0.001932,0.000038,-0.000386,-0.004248,-0.011392,0.001352
2026-07-04,1783204474243,RESOLV,0.026538,-0.003072,0.017039,-0.006248,0.013167,370,0.020604,0.015447,0.226917,0.443098,0.510229,215057,364900,0.000013,,0.000000,,,,0.010291,0.015176,9,96,0.005488,0.010736,0.005777,0.018679,0.019834,0.157472,0.020605,0.000038,0.003903,0.010216,0.013348,0.019131
2026-07-04,1783204474243,SYRUP,0.016289,0.029070,0.141695,0.001646,0.010548,385,0.015716,0.007017,0.058249,0.144521,0.142103,354312,3139277,0.000042,0.000486,0.000856,13.50,57145,49517,0.010291,0.015176,9,20,-0.008045,-0.010255,-0.012036,-0.019528,-0.023827,0.030951,0.000184,0.000127,0.001051,-0.006119,-0.009581,0.006738
2026-07-04,1783204474243,PUMP,0.007727,-0.041054,0.154982,0.070866,0.012033,280,0.033951,-0.007231,0.264802,0.401242,0.297960,14277697,45524958,0.000013,,0.000000,,,,0.010291,0.015176,9,167,0.000000,-0.004473,-0.017891,-0.024281,-0.018530,0.045367,0.003834,0.000038,-0.009476,-0.018320,-0.027164,0.002527
2026-07-04,1783204474243,PROVE,-0.001457,-0.001156,0.033819,0.013191,0.010874,595,0.019008,-0.005501,0.673635,1.463837,1.086898,79831,264744,0.000013,,-0.000055,,,,0.010291,0.015176,9,85,-0.007046,-0.011022,-0.020886,-0.018772,-0.006593,0.001610,0.005989,0.000038,-0.007487,-0.015576,-0.019546,0.004371
2026-07-04,1783204474243,XPL,-0.001566,0.013751,0.073077,0.122557,0.014173,510,0.076287,-0.037587,0.609699,0.577512,0.486407,17298147,39054449,0.000013,,0.000610,,,,0.010291,0.015176,9,39,-0.002030,-0.014672,-0.019101,-0.017163,-0.032297,0.000092,0.001938,0.000038,-0.004952,-0.019442,-0.026963,0.001284
2026-07-04,1783204474243,WLFI,0.020868,0.011099,-0.001737,-0.024001,0.003665,65,0.002966,0.015101,0.818325,0.386110,0.563977,1173333,10654640,0.000011,,-0.000487,,,,0.010291,0.015176,9,46,-0.000104,0.000905,0.008942,-0.003636,-0.000487,0.031715,0.019032,0.000028,0.000279,0.005032,0.013755,0.019849
2026-07-04,1783204474243,LINEA,0.007212,0.015347,0.101183,0.021452,0.016116,390,0.018352,-0.002100,0.273556,0.372602,0.741293,122063,1598481,0.000013,,0.000000,,,,0.010291,0.015176,9,33,0.000796,0.000796,-0.012729,-0.012729,-0.009149,-0.008751,0.020286,0.000038,0.000396,-0.004751,-0.012272,0.015439
2026-07-04,1783204474243,SKY,-0.016031,-0.038552,0.154405,-0.003540,0.002914,385,0.030268,-0.013165,0.222148,1.121765,1.189545,203029,2156959,0.000013,,0.000740,,,,0.010291,0.015176,9,164,-0.001918,-0.001073,-0.013653,-0.012105,-0.017788,-0.004522,0.000141,0.000038,-0.004473,-0.008524,-0.010945,0.000210
2026-07-04,1783204474243,ASTER,0.010342,-0.006910,0.040210,0.020800,0.002785,275,0.011207,-0.000700,0.462575,1.818625,1.010250,2031553,24585356,0.000013,,0.000278,,,,0.010291,0.015176,9,112,-0.002056,-0.005891,-0.009463,-0.011844,-0.011102,0.000789,0.000031,0.000038,-0.001823,-0.007385,-0.008976,0.001251
2026-07-04,1783204474243,AVNT,0.005413,-0.005799,0.044907,0.034287,0.008538,275,0.021394,-0.004951,0.575936,3.243917,1.959780,308459,700228,-0.000002,,-0.000459,,,,0.010291,0.015176,9,106,-0.000368,-0.005230,-0.002452,-0.013158,-0.020400,-0.018500,0.022679,0.000027,-0.002815,0.017388,-0.006900,0.017388
2026-07-04,1783204474243,STBL,0.023991,0.017438,0.036141,0.016518,0.016660,320,0.016996,0.001865,0.333087,0.446100,0.461340,206762,2727439,0.000013,,0.000000,,,,0.010291,0.015176,9,30,-0.004294,-0.003013,-0.006140,-0.016837,-0.024861,-0.058761,0.000791,0.000038,0.002615,0.000720,-0.004926,0.008413
2026-07-04,1783204474243,0G,-0.002275,-0.043130,-0.132759,0.040675,0.003994,260,0.018141,-0.007328,2.450816,1.533321,0.968006,143677,328438,0.000013,,-0.000313,,,,0.010291,0.015176,9,168,-0.002802,-0.008882,-0.012682,-0.013822,-0.011827,-0.018666,0.000950,-0.000078,-0.009108,-0.009485,-0.015054,0.000802
2026-07-04,1783204474243,HEMI,0.010105,-0.040016,0.039428,0.036929,0.014034,265,0.013569,0.005584,2.100965,0.847289,0.552702,348049,1274093,0.000145,,0.000835,,,,0.010291,0.015176,9,166,-0.001251,-0.009796,-0.017507,-0.033764,-0.023343,-0.032930,0.000625,0.000391,-0.005803,-0.015959,-0.019482,0.000207
2026-07-04,1783204474243,APEX,-0.012896,0.001576,0.072123,0.012029,0.004479,705,0.024716,-0.009503,0.499651,0.620036,0.613536,111986,1406659,0.000031,,0.001101,,,,0.010291,0.015176,9,76,-0.003283,-0.004822,-0.007353,-0.010397,-0.009884,-0.043639,-0.001265,0.000092,-0.003007,-0.005262,-0.009739,0.001538
2026-07-04,1783204474243,2Z,0.044023,0.040819,0.087713,0.009231,0.018696,50,0.022894,0.008725,10.217934,5.646269,3.311042,257991,660863,0.000013,0.000100,-0.000243,7.39,21191,13860,0.010291,0.015176,9,10,-0.000272,0.010263,-0.001159,-0.009704,0.007300,0.009647,0.010878,0.000038,0.001532,-0.004481,-0.008389,0.018754
2026-07-04,1783204474243,ZEC,0.011009,0.012128,0.178383,0.060269,0.006934,440,0.017584,0.001068,0.508220,0.361796,0.612974,47579747,211146792,0.000013,,0.000000,,,,0.010291,0.015176,9,44,-0.000171,-0.003944,-0.013719,-0.015905,-0.022079,-0.004287,0.002015,0.000038,-0.006324,-0.013501,-0.021720,0.002981
2026-07-04,1783204474243,MON,0.012438,0.020140,0.110232,0.025403,0.018509,135,0.001813,0.013716,1.672295,0.962426,1.123024,1145337,26624402,0.000013,,0.000478,,,,0.010291,0.015176,9,28,0.003729,0.003968,0.013624,-0.009035,-0.016827,0.027869,0.019456,0.000038,0.007495,0.015758,0.009705,0.024550
2026-07-04,1783204474243,MET,-0.006689,-0.071343,0.075762,0.093764,0.013066,355,0.032416,-0.016236,0.127032,0.303441,0.183074,1560907,3603585,0.000013,,0.000000,,,,0.010291,0.015176,9,174,-0.009315,-0.007351,-0.015544,-0.022222,-0.022671,-0.024691,0.000281,0.000038,-0.009111,-0.009614,-0.017383,0.001118
2026-07-04,1783204474243,MEGA,-0.046725,0.032467,0.117458,0.029791,0.019918,595,0.071150,-0.035267,0.618918,1.145018,0.736975,1519401,6199664,0.000013,0.000100,0.000000,3.97,18719,17805,0.010291,0.015176,9,17,-0.000511,-0.003540,-0.014805,0.002688,0.006285,-0.022662,0.022264,0.000038,-0.006356,-0.013031,0.004306,0.008368
2026-07-04,1783204474243,CC,0.008072,-0.004626,-0.087606,0.005654,0.003433,110,0.005616,0.007872,0.139949,0.270840,0.562666,309782,4621190,0.000013,,0.000000,,,,0.010291,0.015176,9,99,-0.000572,-0.000071,0.001430,-0.008865,-0.011368,0.009437,0.005863,0.000038,-0.000214,0.000643,-0.004502,0.005431
2026-07-04,1783204474243,ICP,0.017640,0.006739,0.051952,0.022218,0.006944,290,0.020156,-0.000219,0.045144,0.149666,0.635994,662699,1856719,0.000013,,0.000120,,,,0.010291,0.015176,9,59,0.001818,-0.004256,-0.012679,-0.017600,-0.016935,-0.019994,0.001906,0.000038,-0.000354,-0.005976,-0.016158,0.002612
2026-07-04,1783204474243,AERO,0.035619,0.040313,0.264616,0.081108,0.011538,290,0.032384,0.001922,0.104782,0.361787,0.254817,1928148,13192002,0.000013,0.000100,0.000828,4.97,22851,21497,0.010291,0.015176,9,11,-0.000412,0.001887,-0.006896,-0.004597,-0.001733,-0.017857,0.005815,0.000047,-0.004911,-0.001177,-0.006821,0.002592
2026-07-04,1783204474243,STABLE,-0.005311,-0.032363,-0.094688,0.010644,0.021696,760,0.008984,-0.000202,0.209198,0.281944,0.324829,282648,2265687,-0.000159,,-0.002253,,,,0.010291,0.015176,9,158,-0.002552,-0.002435,-0.007569,-0.019011,0.026903,0.018160,0.002640,-0.000586,-0.000969,-0.005141,-0.008872,0.003995
2026-07-04,1783204474243,FOGO,-0.009159,-0.034497,-0.074142,0.071797,0.008977,630,0.012209,-0.001293,0.673250,1.093653,1.132869,170833,330273,0.000013,,0.000000,,,,0.010291,0.015176,9,160,-0.002908,-0.007167,-0.014125,-0.018695,-0.021811,-0.006855,0.002181,0.000038,0.000000,-0.006445,-0.012474,0.003015
2026-07-04,1783204474243,LIT,0.012114,0.072946,0.317850,0.024029,0.010877,545,0.005470,0.030572,0.683446,0.989648,0.771270,27057959,112786932,0.000013,0.000100,0.000000,8.36,34797,23990,0.010291,0.015176,9,5,-0.002508,-0.011661,-0.028119,-0.044532,-0.024730,0.089769,0.001980,0.000038,0.007648,-0.020898,-0.021343,0.012450
2026-07-04,1783204474243,XMR,-0.008047,0.013518,0.050523,0.020135,0.005116,505,0.019570,-0.004634,0.323679,0.419321,0.497219,3821159,47323781,0.000013,,0.000660,,,,0.010291,0.015176,9,40,0.001610,0.000365,-0.002977,-0.004952,0.002613,0.002036,0.006380,0.000107,-0.000334,-0.001487,0.001578,0.005342
2026-07-04,1783204474243,AXS,-0.008430,-0.010772,0.075685,0.039894,0.003879,275,0.016441,-0.006291,0.259016,0.097876,0.079948,620386,520793,0.000013,,-0.000477,,,,0.010291,0.015176,9,127,-0.004012,-0.004967,-0.004585,-0.016525,-0.020250,-0.015092,0.018626,0.000038,-0.004858,-0.009335,-0.007144,0.015813
2026-07-04,1783204474243,DASH,0.018503,0.001644,0.091061,0.038639,0.007965,260,0.017305,0.002345,0.126201,0.772132,0.795068,416760,974831,0.000013,,0.000000,,,,0.010291,0.015176,9,75,-0.001280,-0.005091,-0.012936,-0.021978,-0.016358,-0.012130,0.001474,0.000038,-0.001943,-0.008493,-0.013684,0.001693
2026-07-04,1783204474243,SKR,0.001963,-0.021512,0.080941,0.023991,0.011161,455,0.036392,-0.021489,0.052287,0.137267,0.197622,215965,227679,0.000013,,0.000000,,,,0.010291,0.015176,9,143,-0.002286,-0.003700,-0.012407,-0.017088,-0.006095,-0.010557,0.000218,0.000038,-0.005416,-0.016248,-0.018631,0.000758
2026-07-04,1783204474243,AZTEC,0.012562,0.002198,0.124566,0.034245,0.006805,425,0.021726,0.001412,0.512592,0.362598,0.240584,127120,548469,0.000013,,0.000000,,,,0.010291,0.015176,9,73,-0.000685,-0.001988,-0.006238,-0.013435,-0.010556,-0.000548,0.000754,0.000038,-0.005188,-0.006758,-0.007373,-0.000751
2026-07-04,1783204474243,CHIP,-0.030912,0.021487,0.047730,0.015602,0.011792,610,0.054866,-0.024761,0.033074,0.091441,0.073208,1628765,4361869,0.000013,,-0.000063,,,,0.010291,0.015176,9,26,0.000440,-0.004552,-0.010235,-0.019277,-0.032872,-0.011240,0.003140,0.000038,-0.004397,-0.011508,-0.017214,-0.001216
2026-07-04,1783204474243,GRAM,-0.017018,0.064630,,0.012986,0.008925,590,0.024151,-0.005909,0.028294,0.066744,0.222382,10540851,21189160,0.000013,0.000106,0.000340,7.21,35664,29381,0.010291,0.015176,9,6,-0.008823,-0.021586,-0.024139,-0.022196,-0.012985,-0.005660,0.001998,0.000038,-0.004936,-0.019244,-0.022904,0.002551
